{
  "images" : [
    {
      "size" : "29x29",
      "idiom" : "iphone",
      "filename" : "icepoo-1.png",
      "scale" : "2x"
    },
    {
      "size" : "29x29",
      "idiom" : "iphone",
      "filename" : "icepoo-2.png",
      "scale" : "3x"
    },
    {
      "size" : "60x45",
      "idiom" : "iphone",
      "filename" : "icepoo-5.png",
      "scale" : "2x"
    },
    {
      "size" : "60x45",
      "idiom" : "iphone",
      "filename" : "icepoo-6.png",
      "scale" : "3x"
    },
    {
      "size" : "29x29",
      "idiom" : "ipad",
      "filename" : "icepoo.png",
      "scale" : "2x"
    },
    {
      "size" : "67x50",
      "idiom" : "ipad",
      "filename" : "icepoo-7.png",
      "scale" : "2x"
    },
    {
      "size" : "74x55",
      "idiom" : "ipad",
      "filename" : "icepoo-8.png",
      "scale" : "2x"
    },
    {
      "size" : "1024x1024",
      "idiom" : "ios-marketing",
      "filename" : "icepoo-3.png",
      "scale" : "1x"
    },
    {
      "size" : "27x20",
      "idiom" : "universal",
      "filename" : "icepoo-9.png",
      "scale" : "2x",
      "platform" : "ios"
    },
    {
      "size" : "27x20",
      "idiom" : "universal",
      "filename" : "icepoo-10.png",
      "scale" : "3x",
      "platform" : "ios"
    },
    {
      "size" : "32x24",
      "idiom" : "universal",
      "filename" : "icepoo-11.png",
      "scale" : "2x",
      "platform" : "ios"
    },
    {
      "size" : "32x24",
      "idiom" : "universal",
      "filename" : "icepoo-12.png",
      "scale" : "3x",
      "platform" : "ios"
    },
    {
      "size" : "1024x768",
      "idiom" : "ios-marketing",
      "filename" : "icepoo-4.png",
      "scale" : "1x",
      "platform" : "ios"
    }
  ],
  "info" : {
    "version" : 1,
    "author" : "xcode"
  }
}